Acinar cell	B cell	Ductal cell 1	Ductal cell 2	Endocrine cell	Endothelial cell	Fibroblast	Macrophage	Stellate cell	T cell
PRSS1	MS4A1	FXYD2	TFF1	TTR	PLVAP	SFRP2	APOC1	RGS5	CD3D
CTRB2	CD79A	LEFTY1	FXYD3	PCSK1N	SPRY1	LUM	TYROBP	ADIRF	CCL5
CELA3A	CD79B	SLC4A4	TFF2	IAPP	RAMP2	COL1A1	FCER1G	NDUFA4L2	CD2
CTRB1	VPREB3	CLU	C19orf33	SCG5	DARC	COL1A2	AIF1	ACTA2	KLRB1
REG1B	CD37	ANXA4	TFF3	CHGA	CLDN5	DCN	C1QB	TAGLN	IL7R
CLPS	LTB	DEFB1	KRT19	CHGB	STC1	APOD	C1QA	MYL9	CD3E
CPB1	TCL1A	AMBP	AGR2	SLC30A8	COL15A1	COL3A1	APOE	PDGFRB	GZMA
CPA1	PTPRCAP	CFTR	LCN2	SCGN	AQP1	CTHRC1	S100A8	PPP1R14A	CD52
PLA2G1B	CD52	CLDN10	REG4	ERO1LB	VWF	SFRP4	C1QC	CALD1	CD7
REG3A	CORO1A	SPP1	LGALS4	NEUROD1	GNG11	FBLN1	HLA-DRA	SOD3	PTPRCAP
REG1A	LIMD2	MMP7	CEACAM6	BEX1	SDPR	CTGF	HLA-DPA1	NOTCH3	LTB
CTRC	LAPTM5	SERPINA5	S100P	MIR7-3HG	HYAL2	MMP11	S100A9	IGFBP7	CORO1A
PNLIP	SMIM14	ATP1A1	SPINK1	SCG3	HSPG2	COL6A3	FTL	TPM2	CD69
CELA3B	IRF8	SLC3A1	TSPAN8	DLK1	CLEC14A	CCDC80	HLA-DPB1	HIGD1B	RAC2
PRSS3	CXCR4	RBP1	S100A6	NKX2-2	SLC9A3R2	CXCL14	SPP1	CSRP2	CXCR4
SYCN	CD74	BEX1	SLPI	GAD2	RAMP3	FN1	MS4A6A	MAP1B	IL32
CELA2A	BANK1	SH3YL1	PHGR1	FAM159B	CD93	CYR61	HLA-DRB1	SPARCL1	PTPRC
CPA2	CD53	SFRP5	MUC1	ABCC8	FABP5	PTGDS	HLA-DQA1	MYH11	CD3G
AMY2A	HLA-DRA	GATM	KRT8	STMN2	A2M	COL10A1	CD14	GPX3	EVL
REG3G	RP5-887A10.1	SORBS2	SMIM22	PCSK2	PPAP2A	AEBP1	RGS1	LHFP	ARHGDIB
CEL	HLA-DQA1	MT1F	WFDC2	PTPRN	RBP7	SERPINF1	HLA-DQB1	PHLDA1	CYTIP
GP2	UCP2	GMNN	SPINT2	SCG2	EGFL7	RARRES2	SRGN	MFGE8	LCK
SPINK1	AL928768.3	REG1A	KRT18	G6PC2	AC011526.1	MMP2	LST1	COX4I2	HCST
PNLIPRP1	RAC2	CITED4	CLDN4	UCHL1	SLCO2A1	MGP	CD68	PLAC9	IL2RG
KLK1	FCRLA	SCTR	CTSE	PCSK1	EMCN	POSTN	ALOX5AP	COL18A1	PIK3IP1
CELA2B	HLA-DQB1	PPP1R1B	ELF3	ASB9	EPAS1	C1S	GPX1	MYLK	BTG1
MT1G	HLA-DPB1	SERPING1	PDZK1IP1	CRYBA2	TGFBR2	C7	CTSS	C11orf96	CD48
GATM	CD19	KCNJ15	CLDN18	PAX6	RDX	THBS2	C1orf162	CRIP1	CTSW
CTRL	NCF1	AKAP7	KRT7	SYT7	RGCC	CTSK	CTSD	COL4A1	FYB
AMY2B	RPL21	ATP1B1	EPCAM	PCP4	ELTD1	CST1	CD74	GJA4	GMFG
CUZD1	RCSD1	KIF12	C15orf48	DHRS2	ENG	IGFBP5	NPC2	RASD1	AC092580.4
LGALS2	HLA-DPA1	PEBP1	S100A14	GJD2	TMEM88	VCAN	CTSB	FRZB	CD27
GSTA1	ARHGDIB	MUC6	GPX2	SNAP25	CALCRL	COL5A2	ITGB2	PTP4A3	LSP1
PDIA2	LY86	CXCL6	LSR	KIAA1324	ECSCR	C1R	MNDA	MT1M	LDHB
ERP27	RPSAP58	SERPINA1	CYSTM1	LINC00948	CDH5	SPARC	LYZ	ADAMTS1	SPOCK2
SERPINI2	RPS27	CLDN3	TSPAN1	HEPACAM2	CD320	BGN	PSAP	ID3	TRAF3IP3
GSTA2	RHOH	PMEPA1	TACSTD2	APLP1	S1PR1	IGFBP3	CTSL	MCAM	ACAP1
TMEM97	RPSA	HSD17B2	TMC5	MLXIPL	PODXL	COL6A2	FCGR3A	PDK4	RPS29
AQP8	CD22	PPAP2C	PGC	INSM1	EMP1	ASPN	GPNMB	TPPP3	CCR7
ALB	HLA-DMB	HOMER2	MAL2	PPP1R1A	SOCS3	COL11A1	TYMP	COL4A2	GIMAP7
MT1H	CD27	FAM150B	SERPINA1	ELAVL4	SPARCL1	INHBA	LAPTM5	CRISPLD2	CST7
FGL1	EEF1B2	C12orf75	CEACAM5	EEF1A2	TCF4	ISLR	SPI1	SEPT4	PRF1
EPB41L4B	POU2F2	UGT2A3	PIGR	EDN3	FABP4	MFAP4	TREM2	MT1A	CD247
SLC30A2	RPS2	FGGY	ATP1B1	ADCYAP1	NPDC1	COL5A1	CCL3	PLN	CD53
KIAA1324	RPS29	SOD2	MMP7	LINC00643	SOX18	COMP	MS4A7	PGF	SLA
CBS	CD48	KRT18	AGR3	NPTX2	F2RL3	C3	CD163	BGN	GPR171
GNMT	MARCH1	SOX9	LGALS3	KCNK16	C8orf4	NBL1	CAPG	MT2A	LAT
FSCN2	BLK	RP11-986E7.7	GPRC5A	NOVA1	ESAM	LGALS1	IGSF6	ADAMTS4	LIMD2
TMEM52	HLA-DOB	PERP	PI3	SYT4	INSR	TIMP1	GPR183	IGFBP5	GPSM3
AC078941.1	POU2AF1	KRT8	OLFM4	SAMD11	NOTCH4	COL6A1	HLA-DMA	FABP4	ICAM3
RP11-320N7.2	STK17A	EPCAM	OCIAD2	SYP	JAM2	COL8A1	RNASE6	TINAGL1	UCP2
ANPEP	RPS6	KCNJ16	NQO1	NRXN1	CRIP2	COL12A1	VSIG4	STEAP4	TBC1D10C
SLC39A5	RPL23A	DCDC2	TM4SF4	CELF4	GSN	PCOLCE	FCGR2A	CPE	SELL
SLC43A1	EIF1AY	RAMP1	IFI27	KCNJ6	HEG1	MFAP5	COTL1	PRKCDBP	SEPT1
RP11-986E7.7	HVCN1	NGFRAP1	DPCR1	DUSP26	FKBP1A	C1QTNF3	RGS2	SMOC2	TIGIT
GAMT	RNASE6	FBXO21	SFN	SLC29A4	MTUS1	HTRA1	GRN	THY1	ZFP36L2
RBP1	EVI2B	FAM3B	LINC01133	TCEAL2	GIMAP7	THY1	HCST	TSC22D1	ISG20
SERPINA4	HLA-DRB1	CD59	PERP	CPLX2	APOLD1	MXRA8	CSTA	NR2F2	RPSAP58
IMPA2	GPSM3	C8orf47	MSLN	KCNMB2	CD34	FSTL1	SLC11A1	DSTN	RPSA
FAM3B	RPL3	C3	SFTA2	RAB26	ETS1	SPON2	HLA-DMB	COL6A2	CELF2
CTC-479C5.12	TNFAIP8	SERPINA6	CYP3A5	TAGLN3	CYYR1	TIMP3	GLUL	OAZ2	CD37
MT1F	RPL17	HES1	S100A10	ISL1	PTPRB	EFEMP1	IFI30	ACTG2	RHOH
NR5A2	HLA-DQA2	BICC1	LIPH	RAB3C	FAM167B	MEG3	RGS10	MAP3K7CL	RPL21
HOMER2	RPS4Y1	C6	KLF5	KIF1A	STOM	PALLD	MS4A4A	COX7A1	LCP1
STXBP6	RPS27A	CA2	CXCL5	CAMK2B	RNASE1	PRELP	ACP5	GADD45B	PIM2
C2CD4B	RPL10A	UBD	CLDN7	GNG4	SLC2A3	SULF1	CYBB	MTHFD2	RPS27
TCEA3	LINC00926	GTF2I	RAB11FIP1	C1orf127	MMRN2	MMP14	SAT1	CAV1	SRGN
BNIP3	PABPC1	AQP1	CRABP2	NOL4	PCDH17	RARRES1	FCN1	SELM	CD96
XBP1	BCAS4	FAIM	C12orf75	RP11-423H2.3	ADCY4	CYP1B1	MAFB	COL14A1	ITM2A
CITED4	HLA-DMA	RAB3IP	HIST1H1C	C1QL1	FLT1	CLEC11A	MARCO	SPARC	RPL17
ERO1LB	RPS5	TUSC3	S100A11	TDRD9	IFITM1	CALD1	OLR1	FILIP1L	BIN2
PDCD4	SELL	TCEA3	PHLDA2	C21orf58	TIE1	NNMT	FTH1	SYNPO2	SIT1
SCTR	AC079767.4	SOD3	MGST1	TMOD1	ID1	MATN3	CYBA	HEYL	STK4
CXCL17	RPS23	VTN	LAMB3	NUPR1L	ICAM2	FBN1	RETN	CHN1	PFN1
SHC2	LSP1	ADRA2A	LYZ	PCLO	SOX17	SERPINH1	CPVL	KCNJ8	RPS3
TPST2	RPL13A	NTRK2	CCL20	PAK3	ETS2	HTRA3	HLA-DQA2	SDC2	RP11-347P5.1
BCAT1	RPS18	SCD5	MUC13	FAM46C	NFIB	GJB2	LIPA	PCOLCE	TMEM66
SFRP5	RPS10	HMGN3	LMO7	BEX2	IGFBP4	THBS1	LSP1	EGFL6	RPS27A
COMTD1	EEF2	RP11-528G1.2	SDC4	SCGB2A1	GIMAP4	EMILIN1	PLAUR	NEXN	SEPT6
AZGP1	PTPRC	TESC	PPDPF	RBP4	PALMD	HOPX	PLIN2	ASPN	HLA-C
DNAJC12	DCK	SLC37A4	C19orf77	FXYD2	VWA1	SERPINE1	BCL2A1	CCDC102B	GIMAP4
OLFM4	P2RX5	ERRFI1	CSTB	CADPS	SEC14L1	ANTXR1	CST3	ENPEP	APOBEC3G
PABPC4	RPL18A	CYB5A	SERINC2	FAM105A	BCAM	IGFBP6	FPR1	C1QTNF1	ABRACL
RARRES2	ORAI2	TACSTD2	HN1	RAP1GAP2	PIK3R3	MFAP2	MSR1	PLXDC1	S100A4
IGFBP2	LRMP	PROX1	SAA1	OLFM2	SWAP70	CDH11	ASAH1	CRYAB	LAPTM5
RNASE1	ACAP1	ISYNA1	ANXA2	ASCL2	ADAMTS9	CFD	CLEC7A	FLNA	PTPN7
MT1X	RPLP2	HHEX	S100A2	RIC3	THSD7A	TAGLN	CTSZ	KCNE4	GZMM
UBD	RPS3	ABCC3	CAMK2N1	SLC22A17	TM4SF1	IGF1	FAM26F	MLTK	RPS6
SLC39A14	MEF2C	S100A13	TSPAN3	PEG10	ARHGAP29	LOXL1	FBP1	TBX2	IKZF1
CLDN10	RPS8	RHOBTB3	PLA2G16	INS	EHD4	RGS16	CSF1R	EHD2	RPL3
FXYD2	BLNK	COMTD1	PSCA	RAB3B	LDB2	FBLN2	FGL2	IFITM2	RPS15A
CYB5A	LCP1	CXADR	ANXA10	QPCT	LIFR	GEM	ATP6V1F	TFPI	CD6
GRB10	RPS7	PHGDH	BIRC3	DNAJC12	CAV1	FGF7	S100A4	RERGL	RPS12
C6orf222	RP11-693J15.5	GLIS3	ERBB3	SLC7A8	FAM107A	FAP	FCGR2B	HES4	RPS2
P4HB	BTG1	TSTD1	SYT8	RASD1	PDLIM1	GREM1	CTSC	FAM162B	RPS10
MT1E	RPS20	PKHD1	SDCBP2	SST	ADAM15	TIMP2	RNASET2	SEPT7	OXNAD1
PGM1	RPL27A	DMKN	JUP	SYT13	COL4A1	PPIC	CD86	ANGPT2	RPS4X
EIF4EBP1	STAG3	FLRT2	CDH1	STX1A	C10orf10	PMP22	LCP1	GJC1	RPL23A
CCDC64B	CD72	TFPI2	GCNT3	PNMA2	PRCP	OLFML3	FCGR1A	EBF1	RPL6
C3	RPL4	PBX1	RP11-462G2.1	CPE	PPAP2B	RCN3	CD53	CNN3	RPL4
CFTR	RPS25	LINC00671	CAPN8	MEG3	NEDD9	SERPINE2	PPT1	TIMP1	EVI2B
NUPR1	EAF2	ANXA3	VSIG2	TTLL7	KLF2	TPM2	CLEC10A	FHL1	RPS19
RAMP1	FAIM3	MT-CO3	STARD10	HADH	FAM198B	LRP1	NCF2	C1R	RPL30
PBX1	RPL30	CFB	ERO1L	CADM1	TIMP3	PDGFRA	VAMP8	ID4	EEF1B2
TC2N	RPL32	GYPC	TXN	MAPRE3	DOCK9	ITGBL1	TNFSF13B	CEBPD	HLA-E
DEFB1	CTA-250D10.23	GGT1	ABHD2	GNAS	CXorf36	CD99	CXCR4	VIM	SKAP1
RHOBTB3	RPS14	CA4	HSPB1	SEC11C	CCDC85B	IGFBP7	TGFBI	SERPING1	RPS3A
IL32	RPL7	ITIH5	RAB25	RPH3AL	TSPAN7	MXRA5	HAVCR2	CPM	RPL10A
SORBS2	AIM2	ZBTB20	HIST1H2BK	ABCA5	ITGA5	EFEMP2	SAMHD1	IGFBP4	EEF1A1
SEL1L	RP11-347P5.1	AC013275.2	SLC44A4	PFKFB2	CCL14	SEPT11	LY86	ADCY3	RPL13
ZNF503	RPL41	HNF1B	GSTP1	PARVB	GIMAP5	ACTA2	AP1S2	FXYD1	RCSD1
SH3YL1	RPS15A	CIRBP	LAMC2	NLRP1	KDR	GAS1	RNF130	A2M	RPS25
MT-ND3	RPL15	CDC42EP1	CXCL17	TPD52	GPR116	DPT	EMP3	LMOD1	RPL13A
SOD2	RPL11	APP	CLTB	PFN2	RCAN1	FIBIN	SH3BGRL3	TGFB1I1	RPL34
GDF15	EIF3L	MPC2	AZGP1	MEIS2	ITM2A	SELM	CXCL16	IFITM3	RPLP1
SLC4A4	RPL34	TPM1	MUC5AC	KIAA1244	ELK3	CYBRD1	FYB	MGP	RPS14
PPP1R14B	SNX29P2	SAT2	MIA	BEX5	SGK1	FBXO32	GSTO1	SH3BGRL	RPL27
RPL36	RPL39	ELF3	SLC40A1	RP11-304L19.5	VAMP5	PRRX1	PYCARD	LBH	RPL32
RPL12	CLECL1	TTYH1	KRT17	MAP2	THBD	LAPTM4A	GMFG	CDH6	RPLP2
RPS12	RPS12	TRPV6	KCNK1	ATP6V0E2	MKL2	CALU	CSTB	DKK3	RPS7
YBX3	RPS21	PDGFD	LY6D	ATP2A3	DDIT4	IGFBP4	SAMSN1	EFHD1	HLA-A
EEF2	SIT1	ALDH3A2	ABCC3	PTPRN2	HLA-E	NUPR1	C3AR1	NID1	RPL18A
FSTL3	LAT2	ANXA9	GABRP	GNG2	IL6ST	SERPING1	RP11-290F20.3	SERPINF1	B2M
GLTSCR2	EEF1A1	AHCYL1	DSG2	KIAA1377	SYNPO	OMD	KCTD12	TNS1	S1PR4
SERPINB1	SPIB	ERP27	EZR	GCG	HES1	PLAU	AMICA1	EPS8	TMSB4X
MT-ND1	PRKCB	MT1E	TNFRSF12A	MZB1	PRSS23	MT2A	HMOX1	JUNB	RPS18
	RPS13	ID2	ZG16B	SCD5	SOCS2	IGFL2	LY96	NDRG2	MYO1G
	RPL26	IDH2	GOLM1	APBB1	DUSP6	LOX	IFNGR1	ITGB1	EEF1D
	RPS3A	PDCD4	SPINT1	PDE4DIP	TM4SF18	PDLIM3	LILRB4	SLIT3	RASAL3
	RPS4X	PRDX2	MDK	ALCAM	WWTR1	TUBA1A	EVI2B	PTGIR	RPL10
	RPL8	CD44	COX6B1	FKBP2	ITGA6	VIM	HCLS1	COL6A1	RPL7
	CHI3L2	RIC3	S100A16	PAM	MYCT1	SRPX	LAIR1	PTEN	RPL41
	RPL19	ARL6IP1	DUOX2	CLU	APP	EGR1	SNX10	CNN1	RPL31
	RPL6	TMEM59	TM4SF1	TUSC3	BTNL9	TMEM45A	FAM49B	APOLD1	RPL11
	RPS28	FGFR3	PLAC8	PLAGL1	MCTP1	CPE	OAZ1	PTRF	RPL9
	TRAF3IP3	PPDPF	TCN1	SEZ6L2	ZNF385D	F2R	C5AR1	GUCY1B3	RPS21
	TBC1D10C	NFIA	KRTCAP3	BEX4	IL33	RP11-572C15.6	CKLF	CSRP1	RPS20
	RPL10	DSP	NEAT1	PEMT	CXCL12	ELN	CSF2RA	AXL	RPL35A
	LYL1	PLSCR1	ITGA3	RHOBTB3	TACC1	FNDC1	FCGRT	COLEC11	RPL18
	RPL18	SERPINA4	PRR15L	PKIB	RPGR	CERCAM	ARPC3	MIR143HG	RPL26
	TLR10	BEX4	TMBIM1	HMGN5	APLNR	PDPN	GLIPR1	S1PR3	RPS28
	RPL5	CTSH	IFT172	QDPR	PTRF	RAB31	ATP6V1B2	SNCG	RPS15
	RPL27	MT-CO1	TESC	SSR4	MYH9	GPX8	H2AFY	ITGA1	RPL15
	RPL9	PIK3AP1	TSTA3	EPHX2	EFNB2	PDLIM2	FPR3	RCAN2	UBA52
	GNB2L1	EPHB6	AKR1C3	DSP	IL3RA	PRSS23	ARRB2	NUDT4	RPL27A
	SP140	IL20RA	MYH14	A1BG	BMPR2	PDGFRL	CLEC5A	ARID5B	RPS8
	OAZ1	SLC44A3	LMO4	NISCH	NOSTRIN	MRC2	PLA2G7	SLC38A11	RPL19
	BTK	METTL7A	ARL6IP1	MT-CO3	NDRG1	OGN	SGK1	FOXS1	RPS13
	RPL13	ANXA5	LAD1	C3orf14	IFI16	NTM	CTSH	JAG1	RPL28
	SCIMP	BTG1	PRSS8	ITM2C	CFH	DKK3	MFSD1	MT1E	RPS5
	SLC25A6	ARSE	HMGA1	CKB	KIAA0355	SSPN	SLC1A3	HSPB6	RPL35
	RPL12	ATP5C1	TMEM54	CIRBP	ERG	TSHZ2	ATP6V0B	ITGA7	RPL14
	NPM1	ALDH1A1	MARCKSL1	KIF12	CD36	FKBP10	TREM1	GUCY1A3	WAS
	CCR7	PTPRF	LY6E	AHI1	TSHZ2	GGT5	PTPRC	KLHL23	ARHGAP30
	RPS15	NDRG2	DUOXA2	CMTM8	C1orf54	COL14A1	AP2S1	LPP	HCLS1
	RPL35A	BEX2	MMP1	MT-ND2	IFI27	PLXDC2	CELF2	ISYNA1	DEF6
	RPL31	LAPTM4B	MLPH	ABHD14A	GJA1	WBP5	PLEK	HOXB-AS1	RPL39
	FAU	SLC17A4	TMPRSS4	NPDC1	GNAI2	FBLN5	EVI2A	FBLIM1	MALAT1
	RPS19	TTLL7	ANXA3	IGJ	COL4A2	LXN	GPR34	OLFML2A	SOCS1
	IL16	CYS1	SULT1C2	MAN1A1	SPTBN1	NEXN	TLR2	FAM13C	RPL5
	TMEM156	C14orf105	BIK	METRN	INHBB	LTBP1	SDCBP	MEF2C	NKG7
	CD180	GJB1	LPCAT4	CREB3L2	ADM5	TMEM158	HCK	EDNRB	ALOX5AP
	BCL11A	TMEM98	SRCAP	ALDH1A1	MSN	CHPF	SLC16A3	EPAS1	PABPC1
	UBA52	TSPAN6	HSPE1	ACLY	TMEM204	PTK7	ACTB	RERG	RPS9
	RPLP1	MEIS1	KRT23	TMX4	NES	CRISPLD2	PILRA	C1S	SAMSN1
	FAM65B	HINT1	ACTN4	MYL6B	FCN3	TNFAIP6	FGR	LGALS1	IL16
	RPS9	HS6ST1	ITGB4	ERRFI1	TSC22D1	HCFC1R1	TPP1	TPM1	TNFAIP8
	SASH3	PCBD1	SDC1	BTG3	MCF2L	DPYSL3	TBXAS1	GPR4	GNB2L1
	RPL7A	ACSS1	SOX4	DNAJB9	ENTPD1	MYL9	RHOG	PTN	APBB1IP
	RPL14	CAV2	PKP3	MT1F	ADAMTS1	TPM1	CD84	LGI4	EVI2A
	RPL28	CLDN7	CLDN3	MAP1LC3A	FAM110D	PODN	STXBP2	ANXA6	RPLP0
	RPL35	GSTP1	CD55	CBX6	ATP1B3	GPNMB	SLC31A2	IFITM1	TSC22D3
	RPL36A	HOOK2	ONECUT2	PIM2	TMEM2	ARID5B	GABARAP	SERPINI1	HNRNPA1
	RPS11	HNMT	AMN	IDS	ROBO4	LTBP2	SLCO2B1	PPP1R12A	STK17B
	IGJ	RP1-60O19.1	OCLN	C10orf10	LIMCH1	PLTP	CREG1	PTMS	RPS23
	RPL36	PLEKHB1	TSTD1	TTC3	TENC1	PTRF	CEBPB	PRR24	ARHGAP15
	RPS16	COX7C	ST14	MT-CYB	LMO2	SDC2	SLC7A7	PARM1	HSPA8
	NBEAL1	NOTCH2NL	TSPO	SVIP	HEY1	PAM	CD4	EPHX1	RARRES3
	PTPN6	SPINT1	FHL2	NGFRAP1	IFITM2	CXCL12	MARCH1	PPP1R12B	COTL1
	ISG20	WNK2	ITGB6	SNORA76	MEF2C	TMEM119	RP11-386I14.4	FXYD6	RGS10
	CYTIP	MEIS2	TCEB2	ZSCAN16-AS1	PRMT1	DIO2	PHACTR1	ARHGEF17	RASSF5
	SUSD3	ACAA2	SHROOM3	TFF3	SRP14	MOXD1	GLRX	RP11-332H18.4	FYN
	SMARCB1	MLLT4	FXYD5	P4HTM	CDC42EP3	ARF4	LGALS1	CYGB	HMHA1
	RPLP0	CLDN1	MACROD2	ELL2	LMNA	ITGB5	LCP2	C20orf27	GIMAP5
	QRSL1	GMPR	MGLL	NENF	GIMAP6	LAMP5	C10orf54	GGT5	GPR183
	GGA2	RP11-680F8.1	LDLR	PEBP1	ENPP2	FKBP7	THEMIS2	GPR124	ITGB2
	RPL29	ZBTB16	ANXA4	IGLL5	LMCD1	CNN3	ZEB2	GUCY1A2	DOCK8
	HCLS1	MT-ND3	MALL	AP3B1	SOX7	MARCKS	MYO1F	RBPMS	DENND2D
	SEPT6	HMGN1	LAMA3	CDKN1C	TGFBR3	PPIB	CSF3R	SLC7A2	TXNIP
	HNRNPA1	APOBEC2	TRIM54	VAMP2	MAST4	GLT8D2	ARHGDIB	LAMA4	STK17A
	RPL22	TM7SF3	APOL1	CITED2	PTPRM	CD63	PFN1	ARHGAP15	AKNA
	CYB561A3	ECHDC2	EFCAB4A	C4orf48	ACVRL1	SUGCT	CARD16	CCDC3	RPL7A
	CD83	PLEKHS1	KLK11	MT-ND1	SNX3	TMEM98	GPSM3	EID1	GYPC
	NCF4	RASSF4	DEFB1	COMTD1	PIK3C2A	COL16A1	CNPY3	CD248	DUSP2
	EEF1D	AC078941.1	PRDX5	HMGN3	DUSP1	TTC3	CECR1	FILIP1	RPL38
	DAPP1	VCAM1	PLA2G10	MT-ND3	CLIC4	VKORC1	ID2	FKBP5	PRKCH
	BASP1	LRG1	IFI6	EIF4A2	RASIP1	SEMA3C	SLA	KCNK17	EEF2
	SMDT1	AC005152.3	PDE4C	HBB	PLCB1	OSTC	GM2A	AOC3	FXYD5
	CYBA	SYNGR1	PKM	MT-ATP6	TGM2	PLOD2	GRB2	PRR16	GLTSCR2
	SEPT1	STXBP6	PLS1	XBP1	CD200	TSPAN4	TMSB4X	MYL6	PRDM1
	COTL1	SOX6	TNNT1	PPY	CRIM1	DDR2	OGFRL1	KANK2	WIPF1
	ARPC3	SKP1	IER3	EMC10	LCN6.1	NR2F1	RAB31	MIR145	PSMB9
	PARP1	SPINT2	KLK10	PPAPDC1B	HECW2	FRZB	CD44	ABCC9	SH3BGRL3
	EIF3F	SLC9A3R1	BACE2	AHCYL1	DUSP23	FGFR1	CD300A	ZEB2	TUBA4A
	RIC3	GGT6	SPATS2L	ZKSCAN1	DLC1	ITGB1	PLXDC2	RNF152	BATF
	TMSB4X	NR5A2	TAGLN2	SNHG8	ARL4A	TPM4	GK	CSPG4	LPXN
	ANKRD44	ARHGEF40	AKR7A3	IFI6	PLXND1	HSPA5	CLEC4A	UBA2	LEPROTL1
	RPL37	IQGAP2	LDHA	SDF2L1	GIMAP1	PDLIM7	CLEC4E	NDN	FMNL1
	MIR142	C21orf62	SLC2A1	MT1G	CMIP	SNAI2	CD302	ZFHX3	TOMM7
	PTPN7	LYPD1	ZFAS1	MIA	CPLX1	FZD1	LITAF	AKAP12	EMB
	GLTSCR2	RP11-553L6.5	VDAC1	FKBP11	EMP2	STEAP1	GLIPR2	GPAT2	ATP5L
	WAS	TMEM37	TOB1	TECR	RAB13	IL1R1	LGALS9	ADAMTS9	EIF3F
	PPM1K	MT-CYB	C1orf106	BTG2	PNP	EDIL3	LIMS1	GEM	RPL36A
	TMEM243	LAD1	CD82	CD79A	FOSL2	CMTM3	TUBA1B	PDLIM3	HMGB2
	ICAM3	FGFR2	CA9	C9orf16	TEK	LMCD1	IL4I1	C12orf57	RORA
	GNG7	SOAT1	CXADR	TM4SF4	CDC37	CKAP4	ARPC5	FHL5	RGS1
	EVL	KCNK5	PON2	ST6GAL1	ID3	GAS6	PLD4	STOM	ACTB
	ARHGAP24	FOLR1	CLDN1	SELK	SNRK	LGALS3BP	ACSL1	MSRB3	NCF1
	TMEM154	MORN2	PTPRF	PRDX4	ELMO1	NGFRAP1	GRINA	EDNRA	FNBP1
	RPL23	PCDP1	ITGA2	PDLIM4	LRRC32	CFH	SIRPA	MRVI1	PPP2R5C
	PLEKHF2	TM4SF18	GALNT3	SPCS3	RAI14	FLNA	GCA	LZTS1	GIMAP1
	LPXN	TMC4	DDR1	HERPUD1	SASH1	RHOBTB3	UCP2	APOE	PPP1R18
	RPL38	SPHK1	EGLN3		ARHGEF15	ALDH1A1	CCDC88A	PDGFA	FKBP11
	HLA-E	TSPAN8	ANKRD36C		SEPN1	NDN	RBPJ	NTRK2	COMMD6
	HSH2D	MAOA	SQSTM1		NCOA7	COX7A1	CFD	ECM2	RHOF
	STRBP	COL18A1	F11R		TSPAN13	RAB34	AKR1B1	HOPX	ARHGEF1
	MCM5	KIFC3	FDFT1		YBX3	GPC3	HMGB2	PKIG	EMP3
	CSK	CHST9	GALE		GPR146	MMP23B	UPP1	PTK2	ARPC2
	STK17B	EEF1A1	SLC39A4		NRP1	ANKH	CD37	LURAP1L	CYBA
	FNBP1	AP1M2	ADAM9		CD81	SPOCK1	TNFRSF1B	CLMN	CCND3
	MBD4	TM4SF4	GDF15		ZFP36	SMOC2	MPEG1	TIMP3	MYO1F
	SMAP2	CADM1	AQP5		LIMS2	ACTN1	WAS	MYO1B	PSME1
	HMGN1	EHF	SEZ6L2		TMTC1	NREP	PTPN6	TMEM38B	ARL6IP5
	CCDC69	PROM1	SOX9		ECE1	LOXL2	CLEC12A	KLF9	PPP1CA
	APBB1IP	HABP2	TRIM29		SULF2	TGFB1I1	IL18	OLFML2B	EIF3L
	EIF3H	DAPL1	DSP		MRPL33	ZFP36L1	S100A11	CBX6	HLA-B
	DOCK8	GAMT	UQCRQ		SERPINE1	EID1	ARHGAP18	CRIP2	NBEAL1
	EEF1G	RHOV	DMKN		CASKIN2	OLFML2B	CCR1	TPM4	CCL4
	CD40	VTCN1	RAC1		CLIC2	ADAM12	FMNL1	EIF4A1	ANXA6
	EIF3E	ADORA1	CDC42EP5		ITM2B	RUNX2	ITGAM	CALM2	HLA-F
	COMMD6	LRRC36	RP11-532F12.5		ARGLU1	PPAPDC1A	LAT2	LMNA	SUB1
	PSMB9	HIP1R	COL17A1		KANK3	RCN1	EIF4A1	CYB5R3	CASP8
	TRAF5	GRB14	EPS8L3		CTNNB1	ALDH1A3	RGS18	ZBTB16	ANAPC16
	PFN1	ARHGAP24	SRD5A3		GRAMD1A	BOC	CASP1	MGST3	CD79A
	EIF3D	TOM1L1	LLGL2		ABL2	SLC44A1	CD83	PNRC1	RPS4Y1
	PFDN5	DZIP1	PMEPA1		LAMB1	GJA1	RNF13	PLCE1	SMAP2
	LDHB	MT-ATP6	CLIC3		SNTB2	TCEAL4	NPL	SMTN	CDC42SE2
	BTF3	FMO5	VNN1		SH3BP5	MFGE8	ARPC1B	LAMB2	BIN1
	ACTB	VEPH1	ERRFI1		FZD4	LTBP4	SLC15A3	NFASC	TAPSAR1
	ADAM28	MTSS1	H1F0		SLC26A2	LAMB1	ITGAX	SGCA	BUB3
	TPD52	UNC5CL	SUPT5H		MALL	SLC6A6	PARVG	RSU1	ARPC1B
	DRAM2	VAV3	SRI		UPP1	BICC1	CORO1A	ANGPT1	GTF3A
	FAM49B	KIAA1462	AKR1B10		NRN1	PDLIM4	LYN	GPR116	PPP1R2
	ODC1	COL27A1	DYNLRB1		PKP4	ABCA8	MGAT1	DLC1	FERMT3
	NAP1L1	PBX3	EFNA1		PRKCH	VMP1	ALOX5	RASL12	PIM1
	RGS19	RBP4	TMEM141		HDAC7	BASP1	NCKAP1L	LDHB	ANKRD12
	POLD4	RAB17	RBM47		DLL4	PDGFC	SLAMF8	MRGPRF	AAK1
	REL	PLCXD2	CD151		PTPRG	ID3	METRNL	MAP7D3	SMCHD1
	RASGRP2	CDX2	RASSF7		KTN1	FRMD6	RIN3	PDE1A	FKBP5
	BCL2A1	BAMBI	HTATIP2		LUZP1	PHPT1	APBB1IP	CHCHD10	CD44
	GMFG	PDX1	QSOX1		CD59	EDNRA	MPP1	ADAP2	KIAA1551
	PNISR	SERAC1	TM4SF5		NR4A1	CD248	M6PR	ESD	FAM49B
	CIRBP	ACSM3	CLDN23		JMJD1C	SGCE	KYNU	HSPB2	CARD16
	CNTRL	FAM211B	RNF128		BHLHE40	ADAMTS2	SMAP2	NEURL1B	PBXIP1
	ARPC2	WWC1	PRSS22		UTRN	ANGPTL2	YBX1	TMEM47	GSTK1
	HMHA1	MT1G	CREB3L1		RHOJ	MYADM	TMSB10	DDR2	C10orf54
	SP110	BARX2	ERBB2		TMEM173	CNN2	LRRC25	FOXF1	DCK
	ERP29	GNG7	BCAS1		GRB10	PHLDB1	GPX4	MOCS1	SEPT9
	ARPC1B	NR0B2	PSENEN		WARS	CTSF	DOCK8	PDE5A	SH3KBP1
	DBNL	NMT2	BLVRB		TNXB	GADD45B	VIM	ZNF703	EIF3D
	RRAS2	CHDH	CTTN		RAPGEF3	PFN2	PGD	GRK5	BTN3A2
	ARHGAP15	SLC28A3	CHMP2A		MIDN	GOLIM4	ATP5E	TCF21	TNFRSF1B
	TOMM7	RAP1GAP	FLNB		NFKBIA	TCF21	OSCAR	NR2F2-AS1	C9orf142
	ATP5L	PPP1R9A	CHMP4B		SHE	MORF4L2	FERMT3	MALAT1	CCDC109B
	FAM26F	FGFR4	CISD3		BCL6B	RTN4	FAM105A	PTMA	NAP1L4
	SEL1L3	FOXA2	CAPN2		CLEC2B	KIAA1217	NUP214	NGFRAP1	SLC38A1
	CCNI	FAM171A1	PLBD1		ICAM1	SPATS2L	PTAFR	PALLD	PSMB8
	HMGN2	FRAS1	CLINT1		ARL15	C11orf96	ZNF385A	SKP1	PTPN6
	STK4	PRKAR2B	VAMP8		SH2D3C	SH3PXD2A	CLEC2B	DDX5	CCND2
	STX7	SMARCD3	MISP		MCAM	CST3	RENBP	KCNMB1	OSTF1
	PTTG1	C6orf141	EPS8L1		IER2	MMP19	ABI3	VASN	ATM
	ITSN2	AC079602.1	ANG		IGF2	TCF4	SLC43A2	LRRC32	ACTR3
	HHEX	SCN9A	IGF2BP2		SNCG	TGFB3	CD48	PRRX1	ELF1
	FERMT3	CRYZ	ETFB		CNN3	EMP1	RASSF4	NNMT	ANP32B
	SYPL1	NDUFA4	GFPT1		UACA	CYGB	CD33	PLEKHA4	APOBEC3C
	C17orf62	MT-CO2	AGPAT2		MGST2	MAGED1	DOK2	C1orf54	CD97
	SNX2	C11orf54	YWHAZ		SRGN	KDELR2	SLC8A1	H3F3B	PRPF38B
	ZCCHC7	CMTM7	CHP1		IFITM3	KDELR3	DOCK2	RASGRP2	PSMB10
	PTK2B	MPP1	SVIP		LPAR6	VEGFB	DSE	COL5A2	EEF1G
	RFTN1	NFIB	RIOK3		VIM	SLIT2	BASP1	CRTAP	CKLF
	ACTR3	PRDX5	ARL14		TNFRSF1A	RBMS3	ADAP2	MYH9	TERF2IP
	SOCS1	UQCR10	NAPRT1		ABI3	EPB41L2	TM6SF1	CAV2	RBL2
	CD69	HRSP12	PPP1R16A		PVRL2	FMOD	CYTIP	LAMC1	CASP1
	PPP1CA	GAS6	CDKN2A		DYSF	AKAP12	CD52	SRPX	ARID5A
	TCEA1	CFI	TMEM45B		RPS6KA2	RUNX1	RGS19	FERMT2	PCSK7
	LYN	UQCRB	SCNN1A		FGD5	LSAMP	ARPC2	SEPW1	TNFAIP3
	TMEM107	KRTCAP3	MACC1		SHROOM4	FAM114A1	FUOM	FSTL1	PSIP1
	TAPSAR1	SEPP1	SLC6A8		JAG2	PCDH7	WIPF1	ANO1	CCDC167
	ANAPC16	MT-ND4	CCND1		ITPRIP	ZCCHC24	BCAT1	SERPINH1	C1orf63
	IL2RG	IQCK	CIB1		SHANK3	LAMA2	NCF4	KCNS3	RAP1B
	ANP32B	CCND1	SCCPDH		ITGA1	RUNX1T1	GPR65	TGFBI	TMC6
	GDI2	RBM47	TM9SF3		OLFM1	C6orf48	LPXN	AP2M1	ARL4C
	HMGA1	RAB4A	VILL		NUAK1	SCPEP1	DOCK10	LAPTM4A	ID2
	WIPF1	RGS3	BAIAP2L1		FAM43A	COL8A2	SYK	EMILIN1	C9orf78
	SAMSN1	MAGI1	CHPT1		ZEB1	PLAT	PTPLAD2	EEF1D	BIRC3
	EZR	CES1	SSFA2		ASS1	FILIP1L	B2M	SLC25A6	TAP1
	SEPT9	PLEKHJ1	TPD52		CDKN1A	PRR24	SCIMP	CFL2	CORO1B
	ATP5A1	SOD1	EFHD2		ABCG1	PTGFRN	NAIP	SNAI2	CMTM7
	PSIP1	GTF2H5	MET		GFOD1	PTGIS	CFL1	TLN1	GLRX
	ABI3	FRMD4A	ATPIF1		MYC	TUBB6	IGFLR1	KIAA0040	POLR3GL
	MARCKSL1	TM4SF1	BCL2L15		HBEGF	UGDH	IL10RA	SBDS	HERPUD1
	LSM7	FARP1	EHF		FSCN1	PARVA	BTK	B3GNT2	STMN1
	SWAP70	CNKSR3	ALDOA		SNHG7	PHLDA3	UBA52	NR4A1	IDH2
	RNASET2	MMP24-AS1	ATP5J2		LSMD1	CEBPB	ARHGAP30	MAPRE2	IGLL5
	TUBA4A	SYNE2	ID1		FILIP1	MARVELD1	REL	RBMS3	CLPP
	ATM	CYP4V2	HEBP2		PLEKHG1	NAP1L1	NCF1	RAB34	IGJ
	SELT	TMEM205	HIST1H2BD		CTTNBP2NL	MYH10	DUSP1	TENC1	TMEM173
	RAN	AGRN	PPAP2C		AIF1L	CPXM1	ALCAM	CD36	SEC11C
	MTMR14	DDR1	TMEM92		DOCK6	TWIST1	CORO1C	ARHGAP29	CMC1
	UBE2N	UBB	SYNGR2		GFOD2	BNC2	RPS24	CD59	NOSIP
	UBE2D2	RAB20	ITGB8		PICALM	EGR2	ADPGK	VAMP2	XBP1
	DDX39A	HNRNPA1	CES2		PREX2	CRTAP	HEXB	MAGED2	
	TXNIP	SEMA6A	SDR16C5		EFNA1	MDK	TSPO	TMEM204	
	CELF2	CD81	CRNDE		FAM101B	FAM127A	ATP6AP1	HCFC1R1	
	ZNF581	DSG2	RASSF6		P2RY6	HSPB6	PLEKHO1	SGCE	
	CNPY3	ATP6V0E2	TMBIM6		PLK2	COPZ2	YWHAH	CALHM2	
	GRB2	PDE7A	UBALD2		PEA15	FERMT2	RNF149	TUBA1A	
	ANXA6	ITM2C	F2RL1		WNK1	TPBG	FOS	LTBP1	
	ERAP2	C4orf48	EIF4EBP1		SIK1	ECM1	CHST11	BCAM	
	POLR2J3	STAP2	MYEOV		MAGI1	SVIL	MOB1A	IGFBP2	
	LSM10	GMCL1	PTP4A2		ATOH8	TMEM204	ABRACL	FAM129A	
	SYNGR2	PTP4A1	PLP2		DDX5	HAND2	FABP5	H2AFJ	
	ITGAE	APLP2	MTMR11		FRY	LHFP	LHFPL2	SPTSSA	
	SP100	ANAPC16	SHFM1		SCARF1	OAT	PTPRE	RHOB	
	CCND3	MPST	CCL28		RAPGEF4	MORF4L1	CYP27A1	DUSP14	
	PPP1R18	H3F3B	F3		PRKCDBP	TUBB	LACTB	A1BG	
	CCDC109B	GSTA1	FUT2		EPHA4	MSRB3	IFNGR2	PRKAR1A	
	SLC38A1	HMGN2	TRNP1		DPYSL2	SGIP1	GNAI2	PROCR	
	HIST1H4C	CTNND1	RP11-350J20.12		CTNNAL1	ZEB1	ZNF331	MPRIP	
	UBE2J1	RASSF7	FOXQ1		KLF9	LRRC17	SLC2A3	YWHAQ	
	SRSF7	TMEM63A	NET1		IGFBP7	PXDN	SAP30	RWDD1	
	TUBA1B	ONECUT2	LIMA1		SYNE2	ANXA1	SERPINB9	NRP1	
	BLOC1S2	UQCRQ	MIEN1		RP11-536O18.1	DAB2	NAGA	PDLIM7	
	C1QBP	GSTO2	ABHD11		HSPA12B	PLD3	PSME2	SLC25A3	
	RPA2	RAB25	MAP3K13		EPHB4	FHL2	LPCAT2	TCEAL4	
	UBE2I	PRR15L	MYL12B		MECOM	UNC5B	STAB1	ST6GALNAC6	
	IDI1	DNPH1	POLR2I		TSPAN18	NOX4	ATP6V0E1	PEAK1	
	RPS17	ACAA1	ASPH		MPZL2	C12orf57	C15orf48	IGFBP6	
	RSL1D1	TNFSF10	CAPN5		GALNT18	GFPT2	MAP3K8	ARHGAP1	
	RBMX	RP11-532F12.5	MED29		SEMA6B	ZFHX4	BLOC1S1	ACTN1	
	FBL	NBPF10	PROM1		LRRC8C	BNIP3L	SOAT1	PAG1	
	PIK3IP1	PIGR	AHNAK2		RASGRP3	BAG2	ACTR2	PLS3	
	HMGB2	PNRC1	CXCL1		GNAS	AXL	VMA21	ITM2C	
	MIS18BP1	IMPA2	FBXO2		IPO11	CAPZB	SCPEP1	FBXO32	
	PLEKHJ1	JADE1	SLC22A18		SHC1	PODNL1	MCL1	SSBP2	
	ARHGEF1	VAMP8	BCL2L1		LEPROT	UBE2E2	RILPL2	SORT1	
	IFT57	TMEM9	HSD17B2		TSPAN14	MYLK	DBI	FKBP10	
	APOBEC3C	RABL5	MPZL2		GRASP	MITF	HERPUD1	MYADM	
	TRIM38	EBPL	PLLP		GIMAP8	LAMA4	RAP1A	THBS1	
	RP11-220I1.1	ZKSCAN1	CRB3		KCTD12	CPQ	ANXA5	HOXB2	
	HDAC1	DHRS7	LINC00035		FLI1	SVEP1	ATP6V0D1	CHURC1	
	HMGB1	LAPTM4A	HPGD		PXN	FXYD1	DPYD	BSG	
	RPL22L1	SUCLG1	CLIC1		MACF1	PTMS	ENO1	LGALS3BP	
	MTF2	PRSS8	HS3ST1		PREX1	LEPRE1	GLA	SCPEP1	
	PPP1CC	AUH	SLC12A2		HIF1A	ANXA5	LTA4H	ATP1B3	
	HNRNPA2B1	NFIC	EPS8L2		ADAMTS6	SSR3	OSTF1	YBX3	
	RPA3	GABARAP	GIPC1		PITPNC1	NFIC	GNA13	LINC00152	
	TRABD	WAC-AS1	ST6GALNAC1		CX3CL1	TAX1BP3	ALDH2	GAS6	
	CFL1	PNKD	ABHD17C		PDGFB	VCAM1	TALDO1	SEPP1	
	CCT8	OLFM4	TRAK1		FYN	PRNP	POMP	ARPC1A	
	CD82	CDC42EP4	AOC1		SERTAD1	SH3PXD2B	SERP1	GPRC5C	
	SS18L2	KCNQ1OT1	SCD		CARHSP1	SEC31A	NAGK	AK1	
	LYSMD2	RTN3	MYO6		PKIG	SPSB1	HEXA	NME4	
	EIF2S3	WDR74	GUK1		CFI	SPHK1	IL8	UTRN	
	BUB3	CLMN	TMC4		PTPN12	SCG5	CMTM6	TWSG1	
	SLC25A5	GLUL	C6orf132		SEMA6A	NKD2	DAB2	DNAJB4	
	CDC42SE2	ATP5G2	SNRPG		GPR56	ADAMTS12	TKT	BST2	
	BIN1	ENC1	SLC25A37		LRRC8A	TPST1	NINJ1	VCL	
	LYPLA1	SYCE1L	PCBD1		SERINC3	HSP90B1	CPM	ILK	
	CCDC167	PTPRN2	CD2AP		EFNB1	CYB5R3	GAA	JADE1	
	HSPA4	PMM1	POLD4		ARID5A	P4HA1	ATP1B3	MAP1LC3A	
	LSM6	C15orf52	RAB11A		MAP3K11	COPS8	ANXA1	RAB13	
	TRIM22	HINT2	FAM3C		ASAP1	GLT8D1	APLP2	MIR4435-1HG	
	DAAM1	NDUFC1	SLC9A3R1		NOS3	PRKCDBP	RHOA	FAM127A	
	H2AFV	ST5	TJP2		LPHN2	MAGED2	RAB20	MFAP4	
	CKS2	AKR1C1	HIST1H2AC		RBP5	PLSCR4	ACER3	RNASEH2C	
	H2AFZ	KIAA1522	CMBL		MAP1LC3B	MXRA7	MGAT4A	TACC1	
	DUT	PRDX3	TJP3		PDE2A	GPC1	DRAP1	PPAP2B	
		LURAP1L	LASP1		NOTCH1	PPFIBP1	FKBP5	PHLDB1	
		PLXNB1	PLEC		TMEM255B	MAP1A	SORL1	SEPT11	
		SPATS2L	KLF6		ARHGAP31	P4HB	UBE2D1	CPQ	
		LARP6	WDR45B		ADD1	PLS3	ETS2	ISCU	
		HIST1H4C	PVRL4		RAPGEF5	COLEC12	LAP3	NENF	
		MSI2	CD46		STAT3	SEC24D	SOD2	CRTC3	
		MDK	CGN		RAB11A	SEPT7	FAM96A	ARL3	
		CETN2	CAST		BNIP2	TWSG1	AP1B1	EPB41L2	
		WLS	EPHA2		ANKRD28	ECM2	CTSA	SLCO3A1	
		ZNF503	CAPNS1		HLA-B	AP3S1	C14orf2	RBMS1	
		ATP5A1	TMPRSS2		C16orf80	VGLL3	ADAM8	MT1X	
		NAMPT	CKS1B		SIPA1L2	UCHL1	TWF2	OAT	
		TMEM261	MXD1		RHOC	SCARF2	ATP6AP2	HMOX2	
		MAGEH1	SAMD4B		PCDH12	UBC	SFT2D1	ARHGEF7	
		COX20	MT-ND1		PINK1	SGCD	SQRDL	ROCK1	
		ZNF444	KIAA1522		TNFAIP1	SEC23A	CAP1	TNFRSF1A	
		COA3	PARD6B		NEURL1B	IRS2	CEBPD	RHOQ	
		SGCE	MGST2		NKX2-3	CLIC4	QKI	SNHG15	
		CNDP2	SIPA1L3		HIPK3	FAM3C	BRI3	INPP4B	
		GPRC5B	TMPRSS3		ODF2L	P4HA2	TGFB1	PROS1	
		ECHS1	HDGF		HMBOX1	DIO3OS	PSMB10	UACA	
		CNN3	CTNND1		SEMA3F	MAN1A1	TNFAIP3	MEF2D	
		MT-ND1	RASEF		TNFSF10	PLOD1	BAX	NOL3	
		ANXA2	BRI3		KIAA1462	FKBP14	HBEGF	ENAH	
		THAP4	COX5A		NKTR	OSBPL8	EPSTI1	NFIA	
		GNB5	FAM3D		CYSLTR1	EMP3	TTYH3	SELENBP1	
		CDH1	RHOD		AKAP13	SPG20	KIAA0930	PARVA	
		PLLP	RHOC		RASA4	ZMAT3	ARPC4	CAMK2N1	
		ACP1	SORD		BCR	KCNE4	RP11-347P5.1	IMMP2L	
		ERP29	PRR13		PPP3CA	ETV1	CLN8	ZFAND5	
		SMDT1	KCNN4		SPNS2	PEBP1	MPHOSPH6	SORBS3	
		GBAS	RNF103		YWHAH	LEPREL4	RAB32	PPP1CB	
		SDC4	PPP1R14B		C4orf32	NFIX	SERPINB1	MYLIP	
		TACC1	NDUFB3		ABCD4	FAM118A	IL13RA1	S100A4	
		DST	EIF6		TTC28	FOXO1	AKR1A1	BCL6	
		TSPAN15	DHCR24		MYO1B	PRAF2	PLSCR1	CCDC107	
		NUDT14	USH1C		JUNB	KANK2	BID	LTBP4	
		COX7A2L	ROMO1		XAF1	GAS7	ATG3	SLC25A4	
		CKB	C20orf24		CCDC69	PDZRN3	RAP2B	CYCS	
		NPNT	SERPINB1		S100A16	ANXA6	NOP10	MYC	
		SLC25A6	ETNK1		EVA1C	ANTXR2	BLVRA	PACSIN2	
		WWTR1	CRYZ		GPRC5B	SH3D19	TCIRG1	FAM213A	
		GSTM4	NDUFB4		TUBB6	GPC6	EFHD2	TNFRSF21	
		AAMDC	ASS1		DPYSL3	SRPX2	CD58	CDC42EP4	
		IFIT1	C1orf116		LAMA5	WBP1L	GNS	PHLDA2	
		OARD1	DAP		RNF115	NID1	NR4A2	C9orf3	
		NOTCH2	H2AFJ		FLOT1	FXYD6	CNDP2	TOB2	
		PYCR2	PYGB		CCDC3	CSGALNACT2	PDXK	TOB1	
		COMMD9	AP1M2		STAB1	GPR124	DRAM2	CDKN1A	
		SEL1L3	ITGA6		DLL1	OLFML1	MXD1	CFH	
		ABHD14A	GDA		PPFIBP1	PLAC9	NCOA4		
		CSF1	CTNNA1		CEP68	FAM198B	PLD3		
		ABHD12	ARF1		TAOK2	NID2	LGALS2		
		TRIP11	IRF6		KLF7	ST3GAL4	STK17B		
		ADCK3	COX17		MLLT4	BMP1	LPAR6		
		ACADVL	SAMD9		CRK	TXNDC15	HIF1A		
		IFIT3	B3GNT3		YES1	FHL1	ZYX		
		MRPL18	CMPK1		MEF2A	PDGFRB	VCAN		
		DAB2	PGRMC1		RGS3	GLIPR1	TFRC		
		HSP90AA1	PPL		TJP1	NENF	CREM		
		CARHSP1	RBCK1		HTRA1	C5orf15	NFKBIA		
		PTPRK	CDCP1		F8	SSR2	NUDT16		
		TAX1BP3	CCDC64B		SMAD1	F3	RB1		
		YPEL2	NDUFC1		PLEKHO2	MT1E	NAMPT		
		TMEM245	KLF3		MGAT4A	PRDX4	PAK1		
		CAT	CDA		KRT222.1	VGLL4	LGMN		
		STX18	HMGCS1		MAP3K6	RABAC1	STAT1		
		WDR34	TSPAN13		PDCD4	GADD45A	TMEM176B		
		LAMP2	S100A13		YWHAE	LINC00657	DNASE2		
		HDHD3	SLC6A14		SLC44A2	HDLBP	HSPA1A		
		ATPIF1	MSMO1		NRP2	PDIA3	BLVRB		
		ARSD	CEACAM1		BDKRB2	LAMB2	IFI6		
		GCLM	TNFRSF21		CLEC1A	ARL1	IER3		
		NINJ1	CXCL3		BCAP29	PTN	CCL4		
		EIF4A2	HSP90AA1		HIP1	STEAP2	ZFAND5		
		PPP1R16A	SMS		KLF10	ATP6AP2	CCL2		
		SPAG16	ATP5I		GBP4	GSN	GCHFR		
		ERGIC1	MRPL52		SEPW1	TMED2	CHMP1B		
		TSC22D4	SCOC		SLFN5	CCNI	HSPA1B		
		ELK4	CPD		CRBN	REXO2	ADM		
		CNPY2	TRIM31		CNOT6L	SEC63	PLAC8		
		HSBP1L1	PTTG1IP		WASF2	LINC00152	RNASE1		
		FSTL3	MT-CO2		MGLL	PDLIM5	NUPR1		
		TRAPPC6A	UQCRH		NFIA	ARL4C	MT1G		
		SUMF2	MPST		ZBTB16	GINM1	CXCL2		
		HEBP1	TRAF4		CCDC50	TMEM43	ISG15		
		CXXC5	TXNDC17		RALGDS	MPZL1			
		QDPR	SQLE		SDCBP	CD55			
		MGST2	TMEM123		TCN2	SNX9			
		NDUFA13	ARPC1A		QKI	OAF			
		LINC00998	POF1B		ARHGAP23	LMAN1			
		WDR83OS	SOD1		NPR1	LAMC1			
		CRYAB	CD47		ARHGEF12	FKBP9			
		SAT1	CYB5A		PARVB	S100A13			
		EFHC1	IL18		CAV2	TGFBI			
		ATP5J	VEGFA		RFTN1	FOXO3			
		MRPL43	PNPLA2		SNAI1	CFI			
		RNF5	GPR110		STC2	CSRP1			
		YWHAE	TMEM30B		DDX3X	SULF2			
		FAM200B	RAB27B		DDX17	VCL			
		ARL6IP5	FKBP2		COX7A1	RRAGA			
		FOXO3	MGAT4B		TNFRSF4	TCEAL8			
		EIF3L	HSD17B11		ARAP3	BSG			
		HADHB	EFNA5		PDGFD	C19orf10			
		SEC11C	PHACTR3		SH3BGRL2	MEST			
		RP11-304L19.5	NDUFA1		TPD52L1	ESD			
		FAM129B	CLDN10		CARD8	PTEN			
		ECH1	CAPS		PHACTR2	HILPDA			
		REG3A	NDRG1		NDST1	BTG3			
		TPGS2	PLEK2		NOVA2	GSTM3			
		MRPS28	MT-ND2		PXDN	CAMLG			
		KRT7	STK39		ASRGL1	CCPG1			
		CCL2	MT-ND4L		NAMPT	NUCB2			
		EXOC7	RND3		AOC3	RGS2			
		TMEM14B	CKB		VGLL4	PHLDA1			
		ZBTB44	PFDN2		GNAQ	RPS27L			
		NUDT4	ANPEP		CPNE2	RPS4Y1			
		GPR108	VIL1		ADAMTS4	UAP1			
		NDFIP1	TMEM176B		RBMS1	MT1X			
		AKAP9	P4HB		CSRNP1	LTBP3			
		COMT	FUT3		FBXO31	CLEC2B			
		ODF3B	DNTTIP1		APOL3	DUSP1			
		FKBP2	PRR15		CARD16	SEPP1			
		PPCS	LGALS3BP		CPNE8	RND3			
		PGRMC1	GPR160		ANKRD29	SKIL			
		HEXB	SMAGP		PROS1	B4GALT1			
		SOX4	NOP10		PPM1F	FOSB			
		NENF	FERMT1		ITGA10	MYH9			
		TRIP6	MVP		ATP8B1	LMNA			
		EPHX1	OAS1		CYB5R3	TSC22D3			
		ST13	HSD11B2		LY96	RIN2			
		TMEM14A	COX5B		RALGAPA2	KCNQ1OT1			
		GSTK1	ESRP1		SEPP1	UGP2			
		FAM133B	ZC3H12A		AFAP1L1	MIF			
		VAMP2	PRDX1		FAM171A1	ABL2			
		GPAA1	SH2D3A		MED13L	CITED2			
		HSBP1	C1orf186		TRIOBP	NR4A1			
		CMPK1	DBI		CLEC3B	FOS			
		MKKS	IL32		CHSY1	JUNB			
		LSM3	HSBP1L1		ATN1	ANKRD28			
		ERGIC3	NR2F6		HHEX	SDC1			
		TMEM14C	HOXB7		ADIPOR2	SOD2			
		DDT	TSPAN15		TPM4	CTSC			
		OSBPL9	TAX1BP1		TAGLN2	CCL2			
		DECR1	GALNT7		FAM65A				
		MAGED2	DDIT3		PTMS				
		TECR	C1GALT1		KAT6A				
		DYNLT1	SEPHS2		MOB2				
		SDHC	CAPN12		FAM13C				
		LGALS2	FAM162A		FKBP9				
		RTN4	CDHR5		TMCC3				
		EIF5	FAM3B		FRMD4B				
		ANXA11	SERF2		PDK4				
		IER3	TMED10		SON				
		HIST1H2AC	SLC16A3		LEPR				
		IFI6	HSPD1		CSGALNACT1				
		SNRPD3	APLP2		RGL2				
		MTCH1	GJB3		MGP				
		STAT1	SH3RF1		IGFBP2				
		RPS19BP1	KIF13B		C10orf128				
		ARF5	ADAM28		ATP11C				
		ATP5B	CFDP1		BAG3				
		SNORD3A	AGRN		PLXNA2				
		TNFRSF12A	TMEM59		PTPN14				
		CXCL1	FAM213B		CDK17				
		LCN2	MTHFS		TSPAN4				
		IFI44L	PDXDC1		PCGF2				
			FAM83H		INPP1				
			NDUFB9		ABHD17A				
			GNG5		VAT1				
			GPR56		HOXD8				
			RPS27L		ATXN3				
			MUC20		KIAA1211L				
			PAK4		MATN2				
			COX7C		HOXB4				
			TMEM176A		ABLIM1				
			MBOAT2		FOXC1				
			SNRPD1		MESDC1				
			TOX3		PCDH1				
			CHMP4C		TMEM150C				
			COX6A1		FZD6				
			SMAD3		CPXM2				
			GALNT5		ABCB1				
			TMEM37		ARHGEF3				
			DUSP23		ACTN4				
			KDELR2		DCHS1				
			ACSL5		RAPGEF2				
			ALDH2		CD109				
			ITPR3		MFAP3				
			GRB7		PTMA				
			CD164		TMEM47				
			CHCHD2		TMEM184B				
			MS4A8		TSPAN12				
			FAM134B		TMSB10				
			TMEM63A		CLDN15				
			SPR		LTC4S				
			LSM4		OSMR				
			CFB		FERMT2				
			RHPN2		FRMD8				
			AP1S1		ERF				
			AK4		FRYL				
			FAM195A		TBCD				
			MRPL14		SLC29A1				
			LAMTOR5		CNKSR3				
			LMTK3		OLFML2A				
			FAM120A		GATA2				
			SYT13		KBTBD2				
			ARRDC1		RASAL2				
			STEAP2		SOS1				
			LFNG		TEAD2				
			ARSD		ITPKB				
			MRPL23		DGKZ				
			HDHD3		ZNF521				
			LINC00969		GUK1				
			GOLGA4		SERPINH1				
			ATP1A1		EID1				
			TMSB10		PTBP2				
			BCAP31		ZNF467				
			SERPINB5		SH2B3				
			RP11-294O2.2		TNFAIP8L1				
			TES		CRYBG3.1				
			PDIA4		A4GALT				
			NT5C3A		DOCK4				
			POLR2L		C20orf112				
			HIST2H2AA3		CD99				
			GALNT12		KLHL5				
			KCNE3		ST8SIA4				
			HSBP1		C1orf115				
			SAT1		HLA-A				
			CDK2AP2		F2R				
			SRC		HDGFRP3				
			INADL		MLKL				
			HOOK2		FXYD6				
			RRAS		MCC				
			LACTB2		TANC1				
			TMED3		FAM89A				
			CHMP2B		GATSL3				
			TNFAIP2		TSPAN9				
			STK24		EPB41L4A				
			TMEM125		NEAT1				
			TOMM20		LRCH1				
			PITX1		FES				
			ZBTB7A		NAV1				
			ISG20		JAM3				
			CAPN1		RP11-488C13.5				
			CANX		GIT1				
			PPP1R1B		AP1S2				
			COX8A		KIAA1671				
			UQCR10		RAPGEF1				
			PLEKHA5		CNRIP1				
			INF2		MFSD6				
			GCC2		MANSC1				
			CCDC68		APBB2				
			SLMO2		GMFG				
			NDUFS6		EML3				
			MZT2A		AFAP1				
			ARHGEF16		SLC35G2				
			PDCD5		SMAD9				
			FOXA3		GPR4				
			RRBP1		CLSTN3				
			SMIM6		VASH1				
			LEMD1		ZSCAN18				
			CYP2S1		TEAD4				
			HHLA2		DGKE				
			UBE2H		TNFRSF1B				
			ONECUT3		CASP10				
			NDFIP2		RPS28				
			ZNHIT1		FRMD4A				
			STAP2		CYTH1				
			B4GALT4		NCKAP1				
			COX7B		ROCK2				
			MARVELD3		PRKD2				
			DUSP4		PLAT				
			USMG5		IRF2BP2				
			PPAPDC1B		SMARCA2				
			ADAP1		ST6GAL1				
			SCP2		TPM3				
			TC2N		NASP				
			PSORS1C1		MAPK3				
			CXXC5		ITPKC				
			NDUFA7.1		AHR				
			MPC2		TXNIP				
			ANXA11		CD40				
			DNM2		FNIP2				
			DST		PLS3				
			DDAH1		ARL2				
			TRIM2		GJA4				
			PTPRH		LAP3				
			ACHE		BCL3				
			GMDS		EXOC6				
			HNF4A		ARRDC3				
			CASC4		PML				
			HN1L		SUN1				
			B3GALT5		EDN1				
			MYRF		SEPT10				
			MST1R		HLA-C				
			SLC39A14		RBM17				
			EPS8		GAS6				
			LGR4		EFCAB14				
			EPN1		NUCB1				
			FAM102A		AAED1				
			PAF1		SEC62				
			PPP1R14D		XIST				
			TMEM219		ATP2B1				
			RHOV		FOXP1				
			HK2		PIM3				
			COX20		CCNY				
			ARHGAP32		SMARCE1				
			KRTCAP2		PLSCR1				
			ARHGAP5		MLEC				
			SLC25A39		MAP4				
			C9orf152		CSNK1A1				
			ASPHD1		PKN1				
			HINT1		SLK				
			C1orf43		FNBP1L				
			DPY30		RPS6KA3				
			MRPS34		FDPS				
			AHR		ENY2				
			UBD		STMN1				
			AHNAK		DENND3				
			TST		RALB				
			C4BPB		WDR60				
			GOLGB1		FCGRT				
			SEMA4B		UGCG				
			ZNF706		HAPLN3				
			LRP10		SPTAN1				
			TMCO1		EIF2AK4				
			CDS1		MGMT				
			GSDMB		CFLAR				
			LPIN2		NFE2L1				
			MYO5B		ATRX				
			FAM177A1		TBC1D15				
			PRKCI		AFF1				
			GBP3		FLYWCH2				
			SPAG16		ATP2B4				
			CRIP1		CALM1				
			TNIP1		KLF4				
			DSC2		TBC1D1				
			VIMP		SPAG9				
			RAB40B		LAMC1				
			RPS21		CTNNA1				
			AP2B1		ARID5B				
			IDH1		IFI44L				
			GNG12		KMT2E				
			SESTD1		IFNGR1				
			ERN2		SERINC1				
			ZNF593		CTNND1				
			TIMM50		RBPMS				
			CERS6		NFAT5				
			SUN1		NUDT14				
			LRRC59		LAMA4				
			ARHGEF35		WDR74				
			TUBA1C		PELI1				
			TNFSF10		HLA-F				
			PRRG4		OSBPL1A				
			LAMTOR2		NDUFA12				
			USP53		JUND				
			PPIA		PRDM1				
			PRELID1		GNB1				
			ECI1		CAPZA2				
			PTBP3		PDLIM5				
			RTN3		TMEM109				
			SPTBN1		TRIM47				
			NTHL1		CD9				
			MIF		PITPNB				
			TMEM147		PTTG1IP				
			JUND		FEZ2				
			PHB		IGFBP3				
			COX7A2		RAB6A				
			MT-ND5		MBNL1				
			ECH1		ARPC5L				
			NDUFA3		UBC				
			UBC		ELF1				
			XIST		WSB1				
			GPX4		MCL1				
			PSMD8		UBE2J1				
			ANXA1		SERPINB6				
			PGK1		AHNAK				
			MT1G		STX12				
			GAPDH		SH3GLB1				
			ISG15		ACTN1				
			RPS16		KDM6B				
			ZFP36		PSMB5				
			ENO1		PTPRE				
			PLAT		SRSF5				
					DDX21				
					SET				
					SFPQ				
					POMP				
					NFIC				
					RNF145				
					H1FX				
					FAM177A1				
					TNRC6B				
					SRSF4				
					SNORD3A				
					LRRFIP1				
					IL1R1				
					MRPL17				
					IVNS1ABP				
					GYPC				
					RHOB				
					FOSB				
					SLC6A6				
					ID2				
					KLF6				
					PPA1				
					ADM				
					AKAP12				
